name,description,value,rarity
spade,ace,1,30
spade,-,2,50
spade,-,3,50
spade,-,4,50
spade,-,5,50
spade,-,6,50
spade,-,7,50
spade,-,8,50
spade,-,9,50
spade,-,10,50
spade,Jack,11,30
spade,Queen,12,30
spade,King,13,30
heart,ace,1,30
heart,-,2,50
heart,-,3,50
heart,-,4,50
heart,-,5,50
heart,-,6,50
heart,-,7,50
heart,-,8,50
heart,-,9,50
heart,-,10,50
heart,Jack,11,30
heart,Queen,12,30
heart,King,13,30
club,ace,1,30
club,-,2,50
club,-,3,50
club,-,4,50
club,-,5,50
club,-,6,50
club,-,7,50
club,-,8,50
club,-,9,50
club,-,10,50
club,Jack,11,30
club,Queen,12,30
club,King,13,30
diamond,ace,1,30
diamond,-,2,50
diamond,-,3,50
diamond,-,4,50
diamond,-,5,50
diamond,-,6,50
diamond,-,7,50
diamond,-,8,50
diamond,-,9,50
diamond,-,10,50
diamond,Jack,11,30
diamond,Queen,12,30
diamond,King,13,30